Teaser,Date
Hitlergruß im Reichstag,
"Hart, aber freundlich",
Frauke Petrys Abrechnung,
Die Heilsbringerrolle ist besetzt,
Schrecken im Antlitz der Sonne,
"Rote Lippen, gelber Impfpass",
Login-Fallen gegen Hetze,
Lufthansa zahlt Hilfen zurück,
… Menschen halten taz.de frei zugänglich. Sie auch?,
"Überfall, Mord und die Folgen",
What the fuck,
Vom alten Schlag,
Israel stellt 1 Million Impfdosen,
In Elvins Welt,
Geht’s raus und trinkt’s Wasser!,
Die Wahl nach dem Krieg,
Hinter Gittern,
Wo der Klimawandel begonnen hat,
Alle für das Vaterland,
In der Sackgasse,
Ein ausgelaugter Jahrgang,
How much is the fish?,
"Impfquote 0,5  Prozent",
Ökos gegen Öko,
Emanzipation mit der Rohrzange,
Gefahr im Verzug,
Der Wahlabend in Zahlen,
„Es gibt viele Initiativen“,
Aufgeben oder weitermachen,
Opa war ein Neonazi,
"Nadellose Fichten, blätternde Borke",
Die Entschwörung,
Neue taz Podcasts,
Schäm dich!,
"„Gut, dass ich kein Politiker bin“",
Geld gegen Feminismus,
Mehr afghanische Bundeswehrhelfer,
Schlappe für die Tories,
Das Wali-System bröckelt,
Bewährungsprobe für die Linke,
Keine Angst vor Niemand | von Fatih Akin,
Die Berlindemie,
Sommer jetzt noch besser,
Delta noch keine Gefahr,
Tiefgreifende Zäsur,
Freikarten für Berliner Schaubühne,
Alles aus Hass,
Glyphosat-Studie stützt Bayer,
Hedonistischer Suizid,
Ein erfolgreiches Experiment,
Klimataz trifft Luisa Neubauer: Drei Jahre Klimaaktivismus in 15 Fragen,
Das Blut der Unterdrückung,
Die phantastische Insel,
"„Mal Segen, mal Teufel“",
Die Wüste Gobi muss grüner werden,
Hufeisen und Hanau,
Das ist also richtiger Urlaub,
Zynisches Desinteresse,
Einfalt statt Vielfalt – Rutscht die queere Bewegung ins Linksidentitäre ab?,
"Punk, Faschos und die deutsche Provinz: Tijan Sila und sein Buch „Krach“",
Selbtbestimmung oder „Tradition“? – Das Unwohlsein der modernen Mutter,
Gefahr von innen,
„Wer kennt Maly Trostinez?“,
Keine Auswege in Sicht,
„Dämonisierung von Juden“,
"Ist das links? – Sahra Wagenknecht, ihr Buch und die „Lifestylelinken“",
Nicht so werden wie alle anderen – taz Talk mit Sophie Passmann,
Tagebuch in Zeiten der Pandemie – Carolin Emcke im Gespräch,
Alexei Kudin droht Haft in Belarus,
Torloses Insulaner-Duell,
Die Furcht bleibt,
Zwei Eigentore,
Pistazie oder Lindgrün?,
Auf's Land mit Yoko Ono,
Alles für den Kapitalismus,
„Das ist unser Haus!“,
Typisch deutsch,
Codewort? Dass wir nicht lachen!,
Wahrheit-Comic,
Freie Stellen bei der taz,
Frühstück und Tagesmenü ,
Abgebrochene Gesundheitspolitik,
Die Rechnung ohne Wirt gemacht,
„Es ist auch eine Emanzipation“,
Ministerium der Träume,
Polizeiproblem im Bundestag,
"„Oh mein Gott, wird das toll!“",
Pharaonen-Träume in der Leinestadt,
Der Rettungsstaat im Stresstest,
Baerbock beleidigt Schwiegermutter,
Wer braucht diese Partei?,
Fraktionschefin festgehalten,
Linkenpolitikerin festgehalten,
Die Sache mit der 5-Prozent-Hürde,
Massenprotest für mehr Staatshilfe,
Bitte nicht noch eine Kopie,
Rechtsstaatlichkeit kostet,
Alle rein ins Stadion!,
Politisches Knien,
Raisi vorzeitig zum Sieger erklärt,
Journalismus am Abgrund,
Laiengremium stellt Machtfrage,
"Schwarz, gelb, mutlos​",
Extrem-Plauderismus,
Gareth’s Game,
Ein Raum mit weichen Klängen,
Wenn Corona nicht verschwindet,
„Eine ägyptische Cinderella“,
Inzidenz in Deutschland einstellig,
Hoffnung auf Trendwende,
Besser als „wir“?,
Berlin lebt!,
Doppeltes Spiel an der Grenze,
Die Front gegen rechts bröckelt,
"Mama, warum krieg ich kein Eis?",
Noch eine Trophäe fürs Triple,
Alles ist drin,
Donnerwetter im Gericht,
Baerbock und der Spritpreis-Opi,
Raketen­wissenschaft auf dem Feld,
Ich will keine „Period-Revolution“,
"Der Neuanfang, der keiner war",
Ein Festivalchensommer,
Zurück im Business,
Ein Ozonloch am Nordpol?,
Ewige Suche nach dem tödlichen Pass,
„Ich beobachte viel und gern“,
Da geht was,
Rotkäppchensekt für den Frieden,
Pechschwarze Flecken im Lebenslauf,
Domino-Effekt beim Klima?,
"Adieu, Berliner Tristesse!",
Aneinander vorbei demonstriert,
Die Welt wird wohl überleben,
Reaktionärer Sieger,
Weniger Asylanträge in der EU,
Mehr als je zuvor,
Mehrheit gegen Flüchtlingsaufnahme,
Lange Haft für vier Geflüchtete,
"Endlich sicher, oder?",
Bobos und viele Parteisekretäre,2021-06-20
Regierung will FFP2-Masken für Kinder,2021-06-20
„Wir müssen diese Rechte gewähren“,2021-06-20
Geht das noch zusammen?,2021-06-20
Stimme der Gegenwartsliteratur,2021-06-20
Filztasche for Future,2021-06-20
Geschlechtsverkehr am Wattenmeer,2021-06-20
„Wir geben nicht auf“,2021-06-20
Luftiger Aufbruch ins Unbekannte,2021-06-20
Exzesse des Nonsens,2021-06-20
Die empathische Kommissarin,2021-06-20
Roter Tempel der Geschmacklosigkeit,2021-06-20
Verstöße gegen Corona-Schutzregeln,2021-06-20
"„Ich bin stolz, es geschafft zu haben“",2021-06-20
Was bedeutet der 22. Juni 1941?,2021-06-20
Freuds umstrittenes Erbe,2021-06-20
Krasse Widerstände,2021-06-20
Landschaft an Straße,2021-06-20
Revolution ohne höheren CO2-Preis,2021-06-20
EZB soll das Klima schützen,2021-06-20
Sie wollen regieren,2021-06-20
Streit über Asylpolitik in Sachsen,2021-06-20
Ermittlungen gegen Wachhabenden,2021-06-20
Hamas-Flagge soll verboten werden,2021-06-20
Viel Arbeit für Glasgow,2021-06-20
Das Biest mit dem Zauberspiegel,2021-06-20
Aus dem Winterschlaf in den Rave,2021-06-20
Testballon für eine Messe,2021-06-20
Eher blass als grün,2021-06-20
Jetzt mal nicht gegeneinander,2021-06-20
Blutiges Erde,2021-06-20
„Die Herzkammer ist nicht immun“,2021-06-20
Noch weniger Klimaschutz,2021-06-20
Keine große Liebe,2021-06-20
Wettlesen auf Bildkacheln,2021-06-20
Eigentore ohne Ende,2021-06-20
Alles auf Anfang,2021-06-20
Blutiges Erbe,2021-06-20
Elend und Glanz,2021-06-20
„Wichtige Errungenschaft“,2021-06-20
„Landschaft mit Beton“,2021-06-20
Feiern wir doch mal den Sommer,2021-06-20
„60 Prozent haben nicht überlebt“,2021-06-20
Schachspiel um Nordmazedonien,2021-06-20
Popel unter der Gürtellinie,2021-06-20
Eine Leiche auf Wanderschaft,2021-06-20
Sorge wegen Delta-Variante,2021-06-20
Moment der Wahrheit,2021-06-20
Es muss weiß Gott kein Buddha sein,2021-06-20
Rückschlag für Macrons Listen,2021-06-20
… Unterstützer:innen hat die taz im Netz. Sind Sie schon dabei?,2021-06-20
Bloß nicht aussprechen,2021-06-21
2.500 Euro Gnadenbrot,2021-06-21
Letzte Warnung an Macron,2021-06-21
Klöckner will mehr Wölfe abschießen,2021-06-21
Ausgezeichnete Selbstbestimmung,2021-06-21
Nur eine Blume im Garten,2021-06-21
Bloß keine gerade Linie,2021-06-21
Jetzt die taz App testen,2021-06-21
Sieg für Paschinjans Partei,2021-06-21
"Von Silber, Zucker und Arbeitskraft",2021-06-21
taz zahl ich-Newsletter,2021-06-21
Das achte Kind,2021-06-21
